,city,10,20,30
0,Северо-Курильск,6.25,6.79,7.1
1,Пионерский,6.08,6.66,6.99
2,Светлогорск,6.08,6.66,6.99
3,Курильск,5.96,6.56,6.88
4,Островной,5.72,6.48,6.91
5,Зеленоградск,5.39,6.08,6.46
6,Керчь,5.5,6.0,6.28
7,Оха,5.29,5.99,6.36
8,Щелкино,5.3,5.8,6.08
9,Феодосия,5.27,5.77,6.05
10,Балтийск,4.97,5.74,6.17
11,Светлый,4.97,5.74,6.17
12,Мамоново,4.97,5.74,6.17
13,Ладушкин,4.97,5.74,6.17
14,Новый Уренгой,4.94,5.7,6.15
15,Дудинка,4.88,5.69,6.12
16,Приморско-Ахтарск,5.02,5.69,6.05
17,Полесск,4.9,5.68,6.11
18,Таганрог,4.91,5.64,6.03
19,Ейск,4.83,5.59,6.0
20,Евпатория,5.14,5.57,5.83
21,Ишим,4.68,5.55,6.04
22,Макушино,4.7,5.55,6.03
23,Норильск,4.73,5.55,5.95
24,Петухово,4.69,5.54,6.02
25,Называевск,4.67,5.54,6.03
26,Тюкалинск,4.68,5.54,6.02
27,Купино,4.71,5.53,5.97
28,Нарьян-Мар,4.69,5.52,5.99
29,Темрюк,4.84,5.51,5.88
30,Игарка,4.69,5.5,5.92
31,Тарко-Сале,4.72,5.5,5.95
32,Томари,4.92,5.49,5.8
33,Надым,4.7,5.49,5.94
34,Татарск,4.62,5.47,5.93
35,Лагань,4.74,5.46,5.85
36,Исилькуль,4.58,5.44,5.92
37,Камызяк,4.7,5.44,5.84
38,Азов,4.63,5.43,5.86
39,Лаишево,4.58,5.42,5.87
40,Куйбышев,4.56,5.42,5.89
41,Барабинск,4.56,5.42,5.89
42,Курган,4.54,5.42,5.91
43,Калачинск,4.56,5.41,5.89
44,Воркута,4.62,5.41,5.85
45,Александровск-Сахалинский,4.73,5.39,5.74
46,Ялуторовск,4.53,5.39,5.89
47,Заводоуковск,4.53,5.39,5.89
48,Шумиха,4.49,5.38,5.87
49,Тюмень,4.49,5.37,5.87
50,Тетюши,4.49,5.35,5.82
51,Болгар,4.49,5.35,5.82
52,Шадринск,4.44,5.35,5.86
53,Щучье,4.43,5.35,5.84
54,Каргат,4.48,5.34,5.8
55,Чистополь,4.47,5.32,5.79
56,Армянск,4.65,5.31,5.67
57,Красноперекопск,4.65,5.31,5.67
58,Омск,4.45,5.31,5.79
59,Сенгилей,4.45,5.31,5.76
60,Холмск,4.7,5.3,5.65
61,Куртамыш,4.43,5.3,5.79
62,Карталы,4.42,5.3,5.78
63,Ясный,4.44,5.3,5.75
64,Чулым,4.43,5.29,5.76
65,Копейск,4.37,5.29,5.79
66,Новороссийск,4.89,5.28,5.5
67,Бугульма,4.45,5.28,5.75
68,Лениногорск,4.45,5.28,5.75
69,Набережные Челны,4.42,5.28,5.76
70,Карасук,4.43,5.27,5.72
71,Новоульяновск,4.41,5.27,5.74
72,Белебей,4.4,5.26,5.73
73,Ульяновск,4.4,5.26,5.72
74,Альметьевск,4.41,5.25,5.72
75,Обь,4.4,5.25,5.7
76,Новотроицк,4.39,5.24,5.68
77,Азнакаево,4.39,5.23,5.7
78,Пролетарск,4.38,5.23,5.69
79,Красноармейск,4.38,5.23,5.67
80,Бавлы,4.38,5.23,5.69
81,Октябрьский,4.37,5.22,5.69
82,Туймазы,4.37,5.22,5.69
83,Котельниково,4.38,5.22,5.68
84,Новосибирск,4.36,5.22,5.67
85,Бердск,4.36,5.22,5.67
86,Волгодонск,4.38,5.22,5.68
87,Мензелинск,4.35,5.22,5.69
88,Мамадыш,4.34,5.2,5.68
89,Кузнецк,4.35,5.2,5.67
90,Сальск,4.33,5.2,5.67
91,Калининград,4.32,5.2,5.7
92,Багратионовск,4.32,5.2,5.7
93,Жирновск,4.33,5.19,5.65
94,Аткарск,4.33,5.19,5.66
95,Димитровград,4.33,5.19,5.64
96,Тольятти,4.33,5.18,5.63
97,Жигулевск,4.33,5.18,5.63
98,Богородицк,4.3,5.18,5.66
99,Киреевск,4.3,5.18,5.66
100,Новомосковск,4.3,5.18,5.66
101,Болохово,4.3,5.18,5.66
102,Узловая,4.3,5.18,5.66
103,Донской,4.3,5.18,5.66
104,Венев,4.28,5.18,5.67
105,Ростов-на-Дону,4.31,5.18,5.65
106,Батайск,4.31,5.18,5.65
107,Зерноград,4.32,5.18,5.64
108,Кстово,4.29,5.17,5.67
109,Суровикино,4.34,5.17,5.62
110,Давлеканово,4.3,5.17,5.64
111,Ковылкино,4.29,5.17,5.66
112,Богородск,4.28,5.17,5.67
113,Дзержинск,4.28,5.17,5.67
114,Петровск,4.29,5.17,5.65
115,Соль-Илецк,4.32,5.16,5.62
116,Калач-на-Дону,4.34,5.16,5.62
117,Изобильный,4.28,5.16,5.63
118,Нижний Ломов,4.29,5.16,5.64
119,Нижнекамск,4.31,5.16,5.63
120,Заинск,4.31,5.16,5.63
121,Кимовск,4.28,5.16,5.64
122,Михайлов,4.28,5.16,5.64
123,Котово,4.3,5.16,5.62
124,Абдулино,4.29,5.16,5.62
125,Анапа,4.41,5.16,5.54
126,Каменка,4.29,5.15,5.63
127,Аркадак,4.31,5.15,5.63
128,Хасавюрт,4.39,5.15,5.56
129,Рыбное,4.26,5.15,5.64
130,Сорочинск,4.3,5.15,5.62
131,Перевоз,4.26,5.15,5.64
132,Троицк,4.25,5.15,5.63
133,Тихорецк,4.29,5.15,5.62
134,Инсар,4.28,5.14,5.63
135,Балахна,4.24,5.14,5.64
136,Городец,4.24,5.14,5.64
137,Нижний Новгород,4.24,5.14,5.64
138,Сердобск,4.28,5.14,5.62
139,Городовиковск,4.25,5.14,5.61
140,Камышин,4.3,5.14,5.59
141,Николаевск,4.3,5.14,5.59
142,Скопин,4.25,5.14,5.62
143,Южноуральск,4.23,5.14,5.63
144,Калининск,4.27,5.14,5.61
145,Волжский,4.29,5.14,5.59
146,Дубовка,4.29,5.14,5.59
147,Петров Вал,4.29,5.14,5.59
148,Буинск,4.25,5.14,5.62
149,Новоузенск,4.28,5.13,5.6
150,Ртищево,4.28,5.13,5.61
151,Славгород,4.28,5.13,5.58
152,Яровое,4.28,5.13,5.58
153,Данков,4.24,5.13,5.62
154,Астрахань,4.29,5.13,5.57
155,Нариманов,4.29,5.13,5.57
156,Плавск,4.25,5.13,5.61
157,Ершов,4.26,5.12,5.59
158,Ряжск,4.23,5.12,5.61
159,Ступино,4.21,5.12,5.61
160,Кашира,4.21,5.12,5.61
161,Кирсанов,4.26,5.12,5.6
162,Гусь-Хрустальный,4.23,5.12,5.61
163,Курлово,4.23,5.12,5.61
164,Волгоград,4.29,5.12,5.57
165,Зверево,4.26,5.12,5.59
166,Новошахтинск,4.26,5.12,5.59
167,Красный Сулин,4.26,5.12,5.59
168,Гуково,4.26,5.12,5.59
169,Цимлянск,4.26,5.12,5.58
170,Новомичуринск,4.23,5.12,5.6
171,Кораблино,4.23,5.12,5.6
172,Белинский,4.24,5.11,5.59
173,Гай,4.23,5.11,5.56
174,Палласовка,4.26,5.11,5.57
175,Ясногорск,4.22,5.11,5.59
176,Лакинск,4.22,5.11,5.6
177,Собинка,4.22,5.11,5.6
178,Щекино,4.22,5.11,5.59
179,Липки,4.22,5.11,5.59
180,Тула,4.22,5.11,5.59
181,Советск,4.22,5.11,5.59
182,Казань,4.22,5.11,5.6
183,Арск,4.23,5.1,5.6
184,Серпухов,4.21,5.1,5.59
185,Чехов,4.21,5.1,5.59
186,Протвино,4.21,5.1,5.59
187,Пущино,4.21,5.1,5.59
188,Ефремов,4.22,5.1,5.58
189,Славск,4.24,5.1,5.6
190,Неман,4.24,5.1,5.6
191,Таруса,4.21,5.1,5.58
192,Алексин,4.21,5.1,5.58
193,Ворсма,4.21,5.1,5.6
194,Горбатов,4.21,5.1,5.6
195,Павлово,4.21,5.1,5.6
196,Володарск,4.21,5.1,5.6
197,Лысково,4.22,5.1,5.59
198,Княгинино,4.22,5.1,5.59
199,Октябрьск,4.23,5.1,5.55
200,Сызрань,4.23,5.1,5.55
201,Коломна,4.2,5.09,5.58
202,Озеры,4.2,5.09,5.58
203,Зарайск,4.2,5.09,5.58
204,Луховицы,4.2,5.09,5.58
205,Жердевка,4.23,5.09,5.57
206,Ахтубинск,4.26,5.09,5.55
207,Орск,4.22,5.09,5.54
208,Аксай,4.22,5.09,5.56
209,Новочеркасск,4.22,5.09,5.56
210,Шахты,4.22,5.09,5.56
211,Красный Кут,4.22,5.09,5.56
212,Голицыно,4.19,5.09,5.58
213,Краснознаменск,4.19,5.09,5.58
214,Наро-Фоминск,4.19,5.09,5.58
215,Звенигород,4.19,5.09,5.58
216,Кубинка,4.19,5.09,5.58
217,Апрелевка,4.19,5.09,5.58
218,Коркино,4.17,5.09,5.59
219,Еманжелинск,4.17,5.09,5.59
220,Челябинск,4.17,5.09,5.59
221,Одинцово,4.18,5.09,5.58
222,Домодедово,4.18,5.09,5.58
223,Подольск,4.18,5.09,5.58
224,Видное,4.18,5.09,5.58
225,Фролово,4.23,5.09,5.55
226,Хвалынск,4.23,5.09,5.54
227,Котовск,4.22,5.08,5.56
228,Тамбов,4.22,5.08,5.56
229,Бузулук,4.21,5.08,5.55
230,Рязань,4.19,5.08,5.57
231,Харабали,4.24,5.07,5.52
232,Оренбург,4.21,5.07,5.53
233,Самара,4.21,5.07,5.54
234,Чапаевск,4.21,5.07,5.54
235,Новокуйбышевск,4.21,5.07,5.54
236,Спасск-Рязанский,4.18,5.07,5.57
237,Спас-Клепики,4.18,5.07,5.56
238,Петушки,4.18,5.07,5.57
239,Покров,4.18,5.07,5.57
240,Костерево,4.18,5.07,5.57
241,Рошаль,4.18,5.07,5.56
242,Ленинск,4.23,5.07,5.52
243,Камень-на-Оби,4.23,5.07,5.52
244,Саратов,4.21,5.07,5.53
245,Энгельс,4.21,5.07,5.53
246,Москва,4.17,5.07,5.56
247,Химки,4.17,5.07,5.56
248,Долгопрудный,4.17,5.07,5.56
249,Мытищи,4.17,5.07,5.56
250,Красногорск,4.17,5.07,5.56
251,Лобня,4.17,5.07,5.56
252,Выкса,4.18,5.07,5.56
253,Муром,4.18,5.07,5.56
254,Меленки,4.18,5.07,5.56
255,Чаплыгин,4.18,5.07,5.55
256,Белоусово,4.17,5.07,5.56
257,Жуков,4.17,5.07,5.56
258,Обнинск,4.17,5.07,5.56
259,Кременки,4.17,5.07,5.56
260,Балабаново,4.17,5.07,5.56
261,Ермолино,4.17,5.07,5.56
262,Уварово,4.21,5.07,5.54
263,Лебедянь,4.18,5.07,5.55
264,Эртиль,4.2,5.06,5.54
265,Знаменск,4.21,5.06,5.52
266,Мценск,4.18,5.06,5.54
267,Морозовск,4.21,5.06,5.53
268,Элиста,4.23,5.06,5.51
269,Пугачев,4.19,5.06,5.53
270,Белая Калитва,4.2,5.06,5.53
271,Рассказово,4.2,5.06,5.54
272,Нефтегорск,4.2,5.06,5.53
273,Новосиль,4.18,5.06,5.53
274,Верея,4.17,5.06,5.55
275,Руза,4.17,5.06,5.55
276,Можайск,4.17,5.06,5.55
277,Малоархангельск,4.18,5.06,5.53
278,Новоалександровск,4.16,5.05,5.52
279,Грязи,4.18,5.05,5.53
280,Балашов,4.19,5.05,5.52
281,Семикаракорск,4.17,5.05,5.52
282,Константиновск,4.17,5.05,5.52
283,Рубцовск,4.17,5.05,5.5
284,Дюртюли,4.16,5.05,5.53
285,Бронницы,4.15,5.05,5.54
286,Лыткарино,4.15,5.05,5.54
287,Люберцы,4.15,5.05,5.54
288,Раменское,4.15,5.05,5.54
289,Котельники,4.15,5.05,5.54
290,Жуковский,4.15,5.05,5.54
291,Электроугли,4.15,5.05,5.54
292,Дзержинский,4.15,5.05,5.54
293,Болотное,4.16,5.05,5.51
294,Инза,4.19,5.04,5.52
295,Углегорск,4.42,5.04,5.38
296,Усмань,4.17,5.04,5.52
297,Кинель,4.17,5.04,5.51
298,Правдинск,4.17,5.04,5.54
299,Гвардейск,4.17,5.04,5.54
300,Губкин,4.15,5.04,5.51
301,Барыш,4.18,5.03,5.51
302,Касимов,4.15,5.03,5.52
303,Арзамас,4.15,5.03,5.52
304,Воскресенск,4.13,5.03,5.52
305,Ликино-Дулево,4.13,5.03,5.52
306,Куровское,4.13,5.03,5.52
307,Дрезна,4.13,5.03,5.52
308,Егорьевск,4.13,5.03,5.52
309,Белоозерский,4.13,5.03,5.52
310,Пенза,4.16,5.03,5.5
311,Владимир,4.14,5.03,5.52
312,Судогда,4.14,5.03,5.52
313,Ливны,4.15,5.03,5.51
314,Серафимович,4.18,5.03,5.49
315,Шатура,4.13,5.03,5.52
316,Маркс,4.16,5.02,5.49
317,Старый Оскол,4.15,5.02,5.5
318,Бутурлиновка,4.16,5.02,5.49
319,Ипатово,4.16,5.02,5.47
320,Светлоград,4.16,5.02,5.47
321,Курск,4.14,5.02,5.49
322,Мичуринск,4.14,5.02,5.49
323,Калач,4.15,5.02,5.48
324,Весьегонск,4.19,5.01,5.47
325,Елец,4.13,5.01,5.49
326,Задонск,4.13,5.01,5.49
327,Щигры,4.13,5.01,5.49
328,Анадырь,4.32,5.01,5.37
329,Бугуруслан,4.14,5.01,5.48
330,Электрогорск,4.11,5.01,5.51
331,Электросталь,4.11,5.01,5.51
332,Ногинск,4.11,5.01,5.51
333,Павловский Посад,4.11,5.01,5.51
334,Киржач,4.11,5.01,5.51
335,Орехово-Зуево,4.11,5.01,5.51
336,Заозерск,4.29,5.01,5.43
337,Канаш,4.12,5.01,5.5
338,Липецк,4.14,5.01,5.49
339,Железногорск,4.14,5.01,5.48
340,Миллерово,4.16,5.01,5.47
341,Семилуки,4.13,5.01,5.48
342,Поворино,4.13,5.01,5.48
343,Малоярославец,4.11,5.0,5.49
344,Боровск,4.11,5.0,5.49
345,Орел,4.12,5.0,5.48
346,Похвистнево,4.14,5.0,5.47
347,Михайловка,4.15,5.0,5.47
348,Суворов,4.12,5.0,5.48
349,Чекалин,4.12,5.0,5.48
350,Белев,4.12,5.0,5.48
351,Сосенский,4.12,5.0,5.48
352,Отрадный,4.14,5.0,5.47
353,Шарыпово,4.08,5.0,5.49
354,Кувандык,4.15,5.0,5.44
355,Медногорск,4.15,5.0,5.44
356,Искитим,4.14,5.0,5.44
357,Калуга,4.11,5.0,5.48
358,Шиханы,4.12,4.99,5.45
359,Балаково,4.12,4.99,5.45
360,Вольск,4.12,4.99,5.45
361,Фатеж,4.13,4.99,5.46
362,Невельск,4.32,4.99,5.37
363,Урюпинск,4.12,4.99,5.46
364,Новохоперск,4.12,4.99,5.46
365,Пласт,4.07,4.99,5.49
366,Гаврилов Посад,4.11,4.99,5.48
367,Обоянь,4.12,4.99,5.46
368,Строитель,4.12,4.99,5.46
369,Бобров,4.12,4.99,5.46
370,Борисоглебск,4.12,4.99,5.46
371,Бор,4.1,4.98,5.47
372,Балашиха,4.09,4.98,5.47
373,Лосино-Петровский,4.09,4.98,5.47
374,Щелково,4.09,4.98,5.47
375,Черноголовка,4.09,4.98,5.47
376,Старая Купавна,4.09,4.98,5.47
377,Ивантеевка,4.09,4.98,5.47
378,Королев,4.09,4.98,5.47
379,Реутов,4.09,4.98,5.47
380,Пушкино,4.09,4.98,5.47
381,Фрязино,4.09,4.98,5.47
382,Сухиничи,4.08,4.98,5.47
383,Козельск,4.08,4.98,5.47
384,Сергач,4.1,4.98,5.47
385,Болхов,4.09,4.98,5.46
386,Никольск,4.11,4.97,5.45
387,Новоаннинский,4.11,4.97,5.44
388,Гагарин,4.1,4.97,5.46
389,Алейск,4.08,4.97,5.42
390,Спасск,4.1,4.97,5.45
391,Дмитриев-Льговский,4.1,4.97,5.45
392,Короча,4.1,4.97,5.44
393,Гороховец,4.08,4.97,5.46
394,Салехард,4.14,4.96,5.4
395,Курчатов,4.09,4.96,5.43
396,Нововоронеж,4.08,4.96,5.44
397,Воронеж,4.08,4.96,5.44
398,Новый Оскол,4.1,4.96,5.43
399,Печоры,4.14,4.96,5.42
400,Кропоткин,4.07,4.96,5.42
401,Гулькевичи,4.07,4.96,5.42
402,Славянск-на-Кубани,4.08,4.96,5.42
403,Алексеевка,4.09,4.95,5.43
404,Дмитровск,4.07,4.95,5.43
405,Боготол,4.03,4.95,5.44
406,Павловск,4.07,4.95,5.42
407,Кизляр,4.17,4.95,5.37
408,Богучар,4.07,4.95,5.41
409,Донецк,4.09,4.95,5.41
410,Каменск-Шахтинский,4.09,4.95,5.41
411,Кумертау,4.08,4.95,5.4
412,Мелеуз,4.08,4.95,5.4
413,Острогожск,4.08,4.94,5.42
414,Карачев,4.08,4.94,5.42
415,Кукмор,4.07,4.94,5.42
416,Льгов,4.05,4.94,5.41
417,Лиски,4.07,4.93,5.41
418,Россошь,4.07,4.93,5.4
419,Агидель,4.06,4.93,5.41
420,Бирюч,4.06,4.93,5.4
421,Черняховск,4.07,4.93,5.42
422,Ялта,4.62,4.93,5.1
423,Алушта,4.62,4.93,5.1
424,Кулебаки,4.05,4.93,5.42
425,Навашино,4.05,4.93,5.42
426,Белгород,4.05,4.92,5.4
427,Шебекино,4.05,4.92,5.4
428,Грайворон,4.04,4.92,5.39
429,Суджа,4.04,4.92,5.4
430,Далматово,4.02,4.92,5.43
431,Рузаевка,4.05,4.92,5.4
432,Саранск,4.05,4.92,5.4
433,Валуйки,4.05,4.92,5.39
434,Краснослободск,4.03,4.92,5.4
435,Магнитогорск,4.02,4.91,5.38
436,Судак,4.26,4.91,5.26
437,Старый Крым,4.26,4.91,5.26
438,Стародуб,4.04,4.91,5.39
439,Рыльск,4.02,4.91,5.38
440,Сибай,4.0,4.9,5.37
441,Юрга,4.03,4.9,5.36
442,Нурлат,4.03,4.9,5.38
443,Нефтекамск,4.03,4.9,5.38
444,Тимашевск,4.03,4.89,5.36
445,Кореновск,4.02,4.89,5.35
446,Краснокаменск,4.02,4.89,5.34
447,Кольчугино,4.01,4.89,5.37
448,Юрьев-Польский,4.01,4.89,5.37
449,Поронайск,4.32,4.89,5.19
450,Моршанск,4.01,4.88,5.36
451,Злынка,4.01,4.88,5.36
452,Новозыбков,4.01,4.88,5.36
453,Севск,4.0,4.88,5.35
454,Дедовск,3.98,4.88,5.37
455,Истра,3.98,4.88,5.37
456,Солнечногорск,3.98,4.88,5.37
457,Сурск,4.0,4.87,5.35
458,Лукоянов,3.99,4.87,5.36
459,Зеленодольск,3.98,4.86,5.34
460,Иннополис,3.98,4.86,5.34
461,Анжеро-Судженск,4.0,4.86,5.33
462,Заволжье,3.97,4.86,5.35
463,Михайловск,4.01,4.85,5.28
464,Ставрополь,4.01,4.85,5.28
465,Саки,4.17,4.85,5.21
466,Бахчисарай,4.17,4.85,5.21
467,Лабытнанги,4.04,4.85,5.28
468,Талица,3.95,4.85,5.36
469,Горняк,3.98,4.84,5.28
470,Волоколамск,3.95,4.83,5.31
471,Мариинск,3.95,4.83,5.31
472,Десногорск,3.93,4.82,5.3
473,Рославль,3.93,4.82,5.3
474,Жиздра,3.93,4.81,5.3
475,Усинск,4.03,4.81,5.25
476,Салават,3.96,4.81,5.27
477,Стерлитамак,3.96,4.81,5.27
478,Брянск,3.92,4.8,5.27
479,Менделеевск,3.93,4.8,5.27
480,Городище,3.92,4.8,5.27
481,Чебаркуль,3.89,4.79,5.29
482,Ужур,3.91,4.79,5.26
483,Шацк,3.91,4.79,5.27
484,Магадан,4.26,4.77,5.04
485,Карабаново,3.89,4.77,5.25
486,Переславль-Залесский,3.89,4.77,5.25
487,Александров,3.89,4.77,5.25
488,Струнино,3.89,4.77,5.25
489,Благодарный,3.94,4.77,5.19
490,Унеча,3.89,4.77,5.24
491,Сураж,3.89,4.77,5.24
492,Клинцы,3.89,4.77,5.24
493,Сельцо,3.89,4.76,5.24
494,Дятьково,3.89,4.76,5.24
495,Янаул,3.88,4.75,5.22
496,Кондрово,3.86,4.73,5.22
497,Медынь,3.86,4.73,5.22
498,Верхнеуральск,3.85,4.73,5.21
499,Ядрин,3.86,4.73,5.21
500,Каспийск,4.18,4.73,5.01
501,Махачкала,4.18,4.73,5.01
502,Избербаш,4.32,4.72,4.93
503,Ардатов,3.86,4.71,5.2
504,Джанкой,3.84,4.71,5.15
505,Борзя,3.87,4.71,5.14
506,Суздаль,3.85,4.71,5.2
507,Людиново,3.82,4.71,5.2
508,Новокубанск,3.84,4.7,5.14
509,Армавир,3.84,4.7,5.14
510,Остров,3.85,4.69,5.17
511,Муравленко,3.88,4.66,5.12
512,Нестеров,3.8,4.66,5.14
513,Гусев,3.8,4.66,5.14
514,Алупка,4.29,4.65,4.85
515,Севастополь,4.29,4.65,4.85
516,Чкаловск,3.78,4.64,5.11
517,Пучеж,3.78,4.64,5.11
518,Змеиногорск,3.77,4.64,5.08
519,Почеп,3.75,4.64,5.11
520,Чита,3.81,4.63,5.07
521,Сасово,3.75,4.63,5.11
522,Барнаул,3.74,4.61,5.05
523,Новоалтайск,3.74,4.61,5.05
524,Тогучин,3.73,4.61,5.09
525,Шумерля,3.73,4.6,5.09
526,Козловка,3.74,4.6,5.09
527,Звенигово,3.74,4.6,5.09
528,Волжск,3.74,4.6,5.09
529,Пыталово,3.74,4.6,5.07
530,Назарово,3.72,4.59,5.07
531,Тавда,3.71,4.58,5.08
532,Нолинск,3.7,4.58,5.06
533,Мглин,3.7,4.57,5.05
534,Крымск,3.7,4.57,5.02
535,Абинск,3.7,4.57,5.02
536,Арамиль,3.66,4.56,5.07
537,Сысерть,3.66,4.56,5.07
538,Темников,3.66,4.53,5.02
539,Тобольск,3.69,4.53,5.01
540,Заринск,3.67,4.52,4.97
541,Курганинск,3.64,4.52,4.96
542,Топки,3.67,4.52,4.98
543,Анива,3.8,4.51,4.91
544,Корсаков,3.8,4.51,4.91
545,Сорск,3.75,4.5,4.89
546,Агрыз,3.64,4.5,4.97
547,Тайга,3.65,4.5,4.96
548,Буденновск,3.69,4.5,4.91
549,Краснодар,3.61,4.48,4.91
550,Трубчевск,3.58,4.47,4.96
551,Приморск,3.75,4.46,4.87
552,Выборг,3.75,4.46,4.87
553,Высоцк,3.75,4.46,4.87
554,Белогорск,3.71,4.45,4.81
555,Симферополь,3.71,4.45,4.81
556,Бирск,3.54,4.41,4.9
557,Ачинск,3.57,4.41,4.87
558,Чебоксары,3.56,4.41,4.89
559,Цивильск,3.56,4.41,4.89
560,Новочебоксарск,3.56,4.41,4.89
561,Мариинский Посад,3.56,4.41,4.89
562,Первомайск,3.51,4.39,4.89
563,Певек,3.84,4.39,4.7
564,Миасс,3.54,4.39,4.87
565,Череповец,3.57,4.37,4.82
566,Яранск,3.49,4.36,4.85
567,Питкяранта,3.69,4.35,4.74
568,Белореченск,3.46,4.35,4.79
569,Усть-Лабинск,3.46,4.35,4.79
570,Вятские Поляны,3.51,4.35,4.83
571,Белово,3.51,4.35,4.78
572,Ленинск-Кузнецкий,3.51,4.35,4.78
573,Гурьевск,3.51,4.35,4.78
574,Полысаево,3.51,4.35,4.78
575,Юхнов,3.48,4.34,4.83
576,Мещовск,3.48,4.34,4.83
577,Мосальск,3.48,4.34,4.83
578,Нефтекумск,3.53,4.34,4.76
579,Жуковка,3.47,4.34,4.82
580,Заполярный,3.59,4.34,4.78
581,Сосновый Бор,3.6,4.33,4.75
582,Шахунья,3.46,4.33,4.82
583,Геленджик,3.74,4.31,4.62
584,Елабуга,3.47,4.31,4.79
585,Учалы,3.46,4.31,4.79
586,Баймак,3.46,4.31,4.77
587,Семенов,3.45,4.3,4.79
588,Камбарка,3.45,4.3,4.78
589,Ивангород,3.62,4.29,4.68
590,Сортавала,3.62,4.28,4.67
591,Ноябрьск,3.48,4.26,4.71
592,Владивосток,3.67,4.25,4.58
593,Сарапул,3.41,4.24,4.72
594,Гудермес,3.52,4.24,4.6
595,Саров,3.37,4.23,4.72
596,Губкинский,3.43,4.23,4.72
597,Уржум,3.38,4.23,4.73
598,Зеленокумск,3.44,4.22,4.61
599,Асино,3.38,4.22,4.67
600,Катайск,3.33,4.19,4.71
601,Адыгейск,3.34,4.18,4.61
602,Ишимбай,3.32,4.16,4.62
603,Печора,3.35,4.12,4.56
604,Макаров,3.41,4.1,4.49
605,Невинномысск,3.35,4.09,4.46
606,Долинск,3.34,4.09,4.52
607,Беломорск,3.38,4.09,4.52
608,Черепаново,3.24,4.08,4.55
609,Вязники,3.22,4.07,4.57
610,Камешково,3.23,4.07,4.55
611,Ковров,3.23,4.07,4.55
612,Уссурийск,3.23,4.04,4.46
613,Псков,3.24,4.04,4.51
614,Чернушка,3.2,4.03,4.54
615,Кыштым,3.17,4.03,4.55
616,Камышлов,3.18,4.03,4.54
617,Пересвет,3.17,4.02,4.52
618,Сергиев Посад,3.17,4.02,4.52
619,Хотьково,3.17,4.02,4.52
620,Краснозаводск,3.17,4.02,4.52
621,Оханск,3.19,4.01,4.5
622,Оса,3.19,4.01,4.5
623,Бородино,3.17,4.01,4.48
624,Заозерный,3.17,4.01,4.48
625,Канск,3.16,4.0,4.46
626,Южно-Сахалинск,3.23,3.98,4.42
627,Алатырь,3.13,3.96,4.49
628,Салаир,3.12,3.96,4.41
629,Приозерск,3.23,3.95,4.38
630,Белорецк,3.16,3.95,4.38
631,Межгорье,3.16,3.95,4.38
632,Лесозаводск,3.15,3.94,4.39
633,Каменск-Уральский,3.09,3.94,4.47
634,Кемерово,3.1,3.94,4.41
635,Ирбит,3.08,3.94,4.46
636,Чайковский,3.11,3.92,4.4
637,Ельня,3.06,3.9,4.38
638,Починок,3.05,3.9,4.39
639,Устюжна,3.05,3.89,4.38
640,Вязьма,3.05,3.89,4.38
641,Ессентуки,3.18,3.89,4.21
642,Железноводск,3.18,3.89,4.21
643,Лермонтов,3.18,3.89,4.21
644,Минеральные Воды,3.18,3.89,4.21
645,Пятигорск,3.18,3.89,4.21
646,Комсомольск,3.07,3.89,4.37
647,Тейково,3.07,3.89,4.37
648,Уфа,3.03,3.89,4.35
649,Петропавловск-Камчатский,3.33,3.88,4.19
650,Нерехта,3.06,3.88,4.35
651,Хабаровск,3.1,3.86,4.28
652,Малмыж,3.03,3.86,4.36
653,Озерск,2.99,3.84,4.36
654,Касли,2.99,3.84,4.36
655,Снежинск,2.99,3.84,4.36
656,Зеленогорск,3.01,3.84,4.31
657,Уяр,3.01,3.84,4.31
658,Полярный,3.06,3.84,4.31
659,Фокино,3.21,3.83,4.19
660,Большой Камень,3.21,3.83,4.19
661,Кунгур,3.0,3.82,4.31
662,Спас-Деменск,2.96,3.79,4.28
663,Красноярск,2.98,3.78,4.24
664,Сосновоборск,2.98,3.78,4.24
665,Ростов,2.95,3.78,4.27
666,Шилка,3.03,3.76,4.17
667,Клин,2.9,3.74,4.24
668,Конаково,2.9,3.74,4.24
669,Дубна,2.9,3.74,4.24
670,Амурск,3.04,3.74,4.12
671,Бийск,3.0,3.74,4.15
672,Киселевск,2.95,3.74,4.19
673,Прокопьевск,2.95,3.74,4.19
674,Козьмодемьянск,2.91,3.73,4.23
675,Волгореченск,2.92,3.73,4.21
676,Плес,2.92,3.73,4.21
677,Приволжск,2.92,3.73,4.21
678,Фурманов,2.92,3.73,4.21
679,Сертолово,2.99,3.73,4.18
680,Белокуриха,3.04,3.73,4.12
681,Пудож,2.99,3.72,4.17
682,Южа,2.89,3.72,4.23
683,Онега,3.01,3.72,4.16
684,Можга,2.9,3.72,4.21
685,Кемь,3.0,3.71,4.16
686,Светогорск,2.96,3.71,4.15
687,Ханты-Мансийск,2.93,3.7,4.18
688,Полевской,2.87,3.7,4.22
689,Дегтярск,2.87,3.7,4.22
690,Свободный,2.89,3.69,4.16
691,Златоуст,2.86,3.69,4.21
692,Олонец,2.89,3.67,4.16
693,Сухой Лог,2.85,3.67,4.19
694,Богданович,2.85,3.67,4.19
695,Аргун,3.07,3.67,3.98
696,Грозный,3.07,3.67,3.98
697,Черногорск,3.04,3.67,4.04
698,Сатка,2.86,3.67,4.15
699,Бакал,2.86,3.67,4.15
700,Трехгорный,2.86,3.67,4.15
701,Кондопога,2.94,3.66,4.11
702,Петрозаводск,2.94,3.66,4.11
703,Гдов,2.9,3.66,4.12
704,Нерюнгри,2.93,3.65,4.05
705,Юрюзань,2.86,3.65,4.12
706,Усть-Катав,2.86,3.65,4.12
707,Катав-Ивановск,2.86,3.65,4.12
708,Сегежа,2.91,3.64,4.1
709,Сургут,2.88,3.64,4.11
710,Закаменск,3.07,3.64,3.97
711,Иваново,2.82,3.63,4.13
712,Кохма,2.82,3.63,4.13
713,Шуя,2.82,3.63,4.13
714,Северск,2.83,3.63,4.11
715,Томск,2.83,3.63,4.11
716,Лянтор,2.86,3.63,4.11
717,Талдом,2.78,3.62,4.14
718,Яхрома,2.78,3.62,4.14
719,Дмитров,2.78,3.62,4.14
720,Прохладный,2.96,3.62,3.95
721,Новопавловск,2.96,3.62,3.95
722,Георгиевск,2.96,3.62,3.95
723,Тара,2.84,3.62,4.1
724,Стрежевой,2.84,3.61,4.07
725,Урень,2.77,3.59,4.09
726,Мегион,2.84,3.59,4.04
727,Среднеуральск,2.76,3.59,4.11
728,Верхняя Пышма,2.76,3.59,4.11
729,Екатеринбург,2.76,3.59,4.11
730,Березовский,2.76,3.59,4.11
731,Лахденпохья,2.85,3.58,4.04
732,Абакан,2.91,3.57,3.95
733,Лодейное Поле,2.77,3.57,4.06
734,Воткинск,2.78,3.57,4.04
735,Вытегра,2.81,3.56,4.04
736,Шлиссельбург,2.86,3.56,4.0
737,Зубцов,2.73,3.55,4.05
738,Сычевка,2.73,3.55,4.05
739,Дагестанские Огни,3.01,3.55,3.79
740,Дербент,3.01,3.55,3.79
741,Каменногорск,2.78,3.55,4.02
742,Сокол,2.75,3.55,4.03
743,Кола,2.72,3.52,4.02
744,Снежногорск,2.72,3.52,4.02
745,Североморск,2.72,3.52,4.02
746,Гаджиево,2.72,3.52,4.02
747,Мурманск,2.72,3.52,4.02
748,Дальнереченск,2.74,3.51,3.96
749,Нерчинск,2.8,3.51,3.92
750,Рыбинск,2.75,3.51,3.97
751,Мышкин,2.75,3.51,3.97
752,Советская Гавань,2.7,3.51,4.0
753,Кисловодск,2.98,3.5,3.77
754,Тулун,2.77,3.49,3.91
755,Асбест,2.67,3.49,4.02
756,Заречный,2.67,3.49,4.02
757,Карабаш,2.65,3.47,4.0
758,Когалым,2.7,3.47,3.95
759,Кимры,2.66,3.46,3.95
760,Нижневартовск,2.72,3.46,3.93
761,Иркутск,2.82,3.46,3.82
762,Бежецк,2.65,3.46,3.96
763,Красный Холм,2.65,3.46,3.96
764,Красноуфимск,2.65,3.46,3.97
765,Балей,2.7,3.46,3.91
766,Северодвинск,2.73,3.46,3.92
767,Минусинск,2.83,3.45,3.81
768,Дивногорск,2.66,3.44,3.92
769,Заволжск,2.63,3.44,3.94
770,Наволоки,2.63,3.44,3.94
771,Кинешма,2.63,3.44,3.94
772,Котельнич,2.63,3.43,3.91
773,Зуевка,2.63,3.43,3.93
774,Сусуман,2.92,3.42,3.69
775,Туринск,2.6,3.41,3.94
776,Черемхово,2.75,3.4,3.75
777,Свирск,2.75,3.4,3.75
778,Медвежьегорск,2.65,3.4,3.87
779,Колпашево,2.61,3.4,3.89
780,Новокузнецк,2.63,3.4,3.85
781,Кудрово,2.65,3.4,3.86
782,Отрадное,2.65,3.4,3.86
783,Санкт-Петербург,2.65,3.4,3.86
784,Всеволожск,2.65,3.4,3.86
785,Мурино,2.65,3.4,3.86
786,Ветлуга,2.6,3.39,3.89
787,Ангарск,2.74,3.39,3.76
788,Орлов,2.59,3.38,3.87
789,Юрьевец,2.6,3.38,3.87
790,Первоуральск,2.57,3.38,3.9
791,Ревда,2.57,3.38,3.9
792,Новоуральск,2.57,3.38,3.9
793,Гаврилов-Ям,2.57,3.37,3.87
794,Ярославль,2.57,3.37,3.87
795,Йошкар-Ола,2.55,3.37,3.9
796,Кяхта,2.72,3.36,3.71
797,Кандалакша,2.67,3.36,3.8
798,Кингисепп,2.6,3.36,3.84
799,Подпорожье,2.58,3.35,3.83
800,Кириллов,2.58,3.34,3.83
801,Карабулак,2.8,3.34,3.63
802,Сунжа,2.8,3.34,3.63
803,Мезень,2.58,3.33,3.83
804,Зима,2.6,3.33,3.75
805,Саянск,2.6,3.33,3.75
806,Благовещенск,2.5,3.33,3.83
807,Полярные Зори,2.61,3.33,3.77
808,Сланцы,2.58,3.32,3.79
809,Алдан,2.57,3.32,3.78
810,Партизанск,2.64,3.31,3.71
811,Находка,2.64,3.31,3.71
812,Ижевск,2.52,3.31,3.8
813,Родники,2.5,3.31,3.83
814,Вичуга,2.5,3.31,3.83
815,Калязин,2.49,3.3,3.8
816,Кашин,2.49,3.3,3.8
817,Южно-Сухокумск,2.49,3.29,3.78
818,Завитинск,2.54,3.29,3.74
819,Райчихинск,2.54,3.29,3.74
820,Усолье-Сибирское,2.59,3.29,3.68
821,Белозерск,2.53,3.28,3.76
822,Братск,2.6,3.28,3.7
823,Апатиты,2.56,3.27,3.71
824,Высоковск,2.45,3.26,3.77
825,Бабушкин,2.64,3.26,3.64
826,Куса,2.42,3.25,3.79
827,Глазов,2.48,3.25,3.75
828,Новая Ладога,2.48,3.25,3.74
829,Сясьстрой,2.48,3.25,3.74
830,Волхов,2.48,3.25,3.74
831,Николаевск-на-Амуре,2.53,3.25,3.69
832,Инта,2.48,3.25,3.72
833,Радужный,2.47,3.24,3.74
834,Нефтеюганск,2.49,3.24,3.73
835,Оленегорск,2.51,3.23,3.69
836,Мончегорск,2.51,3.23,3.69
837,Кострома,2.44,3.22,3.72
838,Верхний Уфалей,2.41,3.22,3.76
839,Пермь,2.45,3.22,3.72
840,Урай,2.45,3.21,3.71
841,Билибино,2.67,3.21,3.53
842,Лангепас,2.45,3.21,3.71
843,Мирный,2.43,3.21,3.67
844,Углич,2.42,3.2,3.71
845,Кировск,2.47,3.2,3.66
846,Очер,2.41,3.19,3.7
847,Пыть-Ях,2.44,3.19,3.68
848,Северобайкальск,2.84,3.19,3.39
849,Новодвинск,2.45,3.19,3.67
850,Архангельск,2.45,3.19,3.67
851,Данилов,2.4,3.19,3.7
852,Хилок,2.4,3.19,3.66
853,Добрянка,2.43,3.19,3.67
854,Вяземский,2.41,3.19,3.67
855,Вуктыл,2.42,3.18,3.67
856,Калтан,2.41,3.18,3.65
857,Мыски,2.41,3.18,3.65
858,Осинники,2.41,3.18,3.65
859,Вилючинск,2.58,3.18,3.52
860,Елизово,2.58,3.18,3.52
861,Чермоз,2.42,3.18,3.65
862,Пошехонье,2.42,3.18,3.66
863,Ковдор,2.41,3.18,3.67
864,Артем,2.36,3.17,3.68
865,Бабаево,2.39,3.17,3.68
866,Покачи,2.4,3.17,3.67
867,Гусиноозерск,2.4,3.17,3.63
868,Среднеколымск,2.57,3.16,3.5
869,Костомукша,2.4,3.16,3.65
870,Нытва,2.37,3.15,3.66
871,Краснокамск,2.37,3.15,3.66
872,Нижние Серги,2.35,3.14,3.67
873,Спасск-Дальний,2.39,3.14,3.6
874,Буйнакск,2.61,3.13,3.42
875,Кизилюрт,2.61,3.13,3.42
876,Верхний Тагил,2.35,3.13,3.66
877,Кировград,2.35,3.13,3.66
878,Невьянск,2.35,3.13,3.66
879,Лабинск,2.47,3.13,3.51
880,Суоярви,2.37,3.12,3.61
881,Нязепетровск,2.31,3.12,3.65
882,Каргополь,2.34,3.11,3.61
883,Кадников,2.33,3.11,3.62
884,Удачный,2.38,3.1,3.55
885,Вологда,2.32,3.1,3.61
886,Грязовец,2.32,3.1,3.61
887,Артемовский,2.3,3.1,3.64
888,Старая Русса,2.35,3.09,3.56
889,Харовск,2.29,3.08,3.61
890,Комсомольск-на-Амуре,2.4,3.08,3.49
891,Дальнегорск,2.31,3.08,3.54
892,Реж,2.28,3.08,3.62
893,Коряжма,2.32,3.07,3.57
894,Сольвычегодск,2.32,3.07,3.57
895,Котлас,2.32,3.07,3.57
896,Вихоревка,2.34,3.07,3.53
897,Нижний Тагил,2.28,3.06,3.58
898,Аша,2.26,3.05,3.56
899,Сим,2.26,3.05,3.56
900,Миньяр,2.26,3.05,3.56
901,Верещагино,2.27,3.05,3.57
902,Петровск-Забайкальский,2.32,3.05,3.49
903,Малгобек,2.55,3.05,3.31
904,Моздок,2.55,3.05,3.31
905,Терек,2.55,3.05,3.31
906,Верхняя Салда,2.26,3.04,3.58
907,Нижняя Салда,2.26,3.04,3.58
908,Тутаев,2.26,3.04,3.55
909,Саяногорск,2.46,3.04,3.41
910,Артемовск,2.31,3.03,3.49
911,Лысьва,2.25,3.03,3.54
912,Шелехов,2.44,3.02,3.38
913,Качканар,2.25,3.02,3.53
914,Сосногорск,2.27,3.01,3.51
915,Ухта,2.27,3.01,3.51
916,Иланский,2.23,3.01,3.52
917,Красноуральск,2.23,3.01,3.54
918,Верхняя Тура,2.23,3.01,3.54
919,Нижняя Тура,2.23,3.01,3.54
920,Лесной,2.23,3.01,3.54
921,Кушва,2.23,3.01,3.54
922,Киров,2.23,3.01,3.53
923,Сосновка,2.23,3.01,3.52
924,Вилюйск,2.3,3.0,3.44
925,Омутнинск,2.23,3.0,3.51
926,Алапаевск,2.22,3.0,3.53
927,Губаха,2.23,3.0,3.5
928,Кизел,2.23,3.0,3.5
929,Александровск,2.23,3.0,3.5
930,Великий Устюг,2.24,2.99,3.49
931,Красавино,2.24,2.99,3.49
932,Березники,2.23,2.99,3.48
933,Соликамск,2.23,2.99,3.48
934,Усолье,2.23,2.99,3.48
935,Сретенск,2.25,2.98,3.45
936,Нягань,2.25,2.98,3.48
937,Арсеньев,2.21,2.98,3.47
938,Белоярский,2.26,2.98,3.46
939,Циолковский,2.22,2.97,3.46
940,Шимановск,2.21,2.97,3.46
941,Томмот,2.22,2.97,3.45
942,Шарья,2.19,2.97,3.48
943,Кирово-Чепецк,2.19,2.96,3.48
944,Слободской,2.19,2.96,3.48
945,Мантурово,2.19,2.96,3.48
946,Няндома,2.19,2.96,3.47
947,Чусовой,2.2,2.96,3.46
948,Горнозаводск,2.2,2.96,3.46
949,Гремячинск,2.2,2.96,3.46
950,Сафоново,2.15,2.94,3.46
951,Дорогобуж,2.15,2.94,3.46
952,Шенкурск,2.19,2.94,3.44
953,Опочка,2.18,2.94,3.45
954,Себеж,2.18,2.94,3.45
955,Емва,2.19,2.93,3.43
956,Пикалево,2.18,2.93,3.44
957,Ленск,2.18,2.93,3.39
958,Микунь,2.19,2.93,3.42
959,Гатчина,2.16,2.92,3.43
960,Туапсе,2.52,2.92,3.16
961,Кудымкар,2.15,2.92,3.43
962,Кедровый,2.16,2.92,3.42
963,Великий Новгород,2.17,2.92,3.4
964,Улан-Удэ,2.2,2.91,3.37
965,Осташков,2.16,2.91,3.41
966,Нюрба,2.2,2.91,3.35
967,Макарьев,2.13,2.91,3.42
968,Слюдянка,2.36,2.91,3.28
969,Тотьма,2.14,2.91,3.42
970,Новоржев,2.14,2.9,3.41
971,Чухлома,2.14,2.9,3.42
972,Солигалич,2.14,2.9,3.42
973,Галич,2.14,2.9,3.41
974,Чердынь,2.16,2.9,3.39
975,Белая Холуница,2.13,2.9,3.41
976,Кологрив,2.13,2.9,3.41
977,Красновишерск,2.15,2.89,3.38
978,Вельск,2.13,2.89,3.4
979,Волосово,2.12,2.89,3.4
980,Невель,2.11,2.88,3.39
981,Кирс,2.12,2.88,3.39
982,Усть-Илимск,2.15,2.87,3.34
983,Североуральск,2.11,2.87,3.4
984,Волчанск,2.11,2.87,3.4
985,Краснотурьинск,2.11,2.87,3.4
986,Карпинск,2.11,2.87,3.4
987,Вышний Волочек,2.1,2.87,3.39
988,Луза,2.11,2.86,3.37
989,Нея,2.1,2.86,3.38
990,Сыктывкар,2.12,2.86,3.36
991,Олекминск,2.14,2.86,3.32
992,Никольское,2.09,2.85,3.36
993,Коммунар,2.09,2.85,3.36
994,Тосно,2.09,2.85,3.36
995,Новая Ляля,2.08,2.85,3.38
996,Верхотурье,2.08,2.85,3.38
997,Бологое,2.09,2.85,3.36
998,Пестово,2.08,2.84,3.36
999,Бикин,2.12,2.84,3.32
1000,Пустошка,2.09,2.84,3.35
1001,Старица,2.06,2.84,3.36
1002,Духовщина,2.05,2.84,3.36
1003,Ярцево,2.05,2.84,3.36
1004,Нижнеудинск,2.07,2.83,3.35
1005,Серов,2.07,2.83,3.36
1006,Удомля,2.06,2.83,3.35
1007,Любань,2.07,2.83,3.34
1008,Рудня,2.05,2.83,3.34
1009,Буй,2.07,2.83,3.34
1010,Советский,2.11,2.83,3.32
1011,Валдай,2.07,2.82,3.33
1012,Любим,2.06,2.82,3.34
1013,Боровичи,2.06,2.82,3.34
1014,Междуреченск,2.08,2.82,3.3
1015,Облучье,2.08,2.82,3.29
1016,Кувшиново,2.05,2.82,3.34
1017,Лесосибирск,2.08,2.81,3.29
1018,Новосокольники,2.05,2.81,3.31
1019,Тихвин,2.05,2.81,3.32
1020,Бокситогорск,2.05,2.81,3.32
1021,Порхов,2.05,2.8,3.3
1022,Смоленск,2.02,2.8,3.31
1023,Байкальск,2.35,2.79,3.09
1024,Кызыл,2.32,2.79,3.05
1025,Лихославль,2.01,2.79,3.31
1026,Тверь,2.01,2.79,3.31
1027,Мураши,2.04,2.79,3.3
1028,Торжок,2.01,2.79,3.31
1029,Окуловка,2.02,2.78,3.29
1030,Югорск,2.05,2.77,3.26
1031,Ржев,2.0,2.77,3.29
1032,Нальчик,2.3,2.77,2.98
1033,Нарткала,2.3,2.77,2.98
1034,Майский,2.3,2.77,2.98
1035,Баксан,2.3,2.77,2.98
1036,Чегем,2.3,2.77,2.98
1037,Бирюсинск,2.01,2.77,3.27
1038,Тайшет,2.01,2.77,3.27
1039,Холм,2.01,2.77,3.27
1040,Кириши,2.01,2.77,3.27
1041,Белый,2.0,2.77,3.28
1042,Луга,2.02,2.76,3.26
1043,Малая Вишера,2.01,2.76,3.27
1044,Алзамай,2.0,2.76,3.27
1045,Великие Луки,2.0,2.76,3.27
1046,Железногорск-Илимский,2.02,2.75,3.23
1047,Сольцы,2.0,2.75,3.26
1048,Дно,2.0,2.75,3.26
1049,Западная Двина,2.0,2.75,3.26
1050,Торопец,2.0,2.75,3.26
1051,Карачаевск,2.24,2.74,3.06
1052,Усть-Джегута,2.24,2.74,3.06
1053,Черкесск,2.24,2.74,3.06
1054,Чудово,1.99,2.74,3.25
1055,Енисейск,2.01,2.74,3.22
1056,Андреаполь,1.98,2.73,3.25
1057,Ивдель,1.98,2.73,3.25
1058,Бодайбо,2.13,2.73,3.1
1059,Тында,2.04,2.72,3.17
1060,Зея,2.03,2.72,3.18
1061,Биробиджан,1.97,2.71,3.19
1062,Таштагол,2.0,2.71,3.17
1063,Покровск,2.06,2.71,3.12
1064,Сковородино,2.0,2.71,3.16
1065,Кодинск,2.0,2.71,3.17
1066,Усть-Кут,1.98,2.7,3.17
1067,Велиж,1.94,2.7,3.21
1068,Демидов,1.94,2.7,3.21
1069,Апшеронск,1.98,2.69,3.14
1070,Майкоп,1.98,2.69,3.14
1071,Нелидово,1.93,2.69,3.2
1072,Могоча,2.0,2.68,3.13
1073,Горячий Ключ,1.98,2.68,3.11
1074,Хадыженск,1.98,2.68,3.11
1075,Горно-Алтайск,2.01,2.67,3.12
1076,Шагонар,2.26,2.66,2.9
1077,Киренск,1.94,2.66,3.13
1078,Ак-Довурак,2.3,2.63,2.84
1079,Якутск,2.0,2.62,3.02
1080,Курчалой,2.18,2.6,2.83
1081,Абаза,1.98,2.59,3.01
1082,Тырныауз,2.31,2.57,2.7
1083,Теберда,2.16,2.37,2.5
1084,Верхоянск,1.85,2.33,2.64
1085,Сочи,2.03,2.27,2.44
1086,Шали,1.88,2.26,2.49
1087,Урус-Мартан,1.88,2.26,2.49
1088,Туран,1.85,2.24,2.49
1089,Чадан,1.91,2.19,2.37
1090,Беслан,1.76,1.97,2.09
1091,Дигора,1.76,1.97,2.09
1092,Алагир,1.76,1.97,2.09
1093,Ардон,1.76,1.97,2.09
1094,Владикавказ,1.76,1.97,2.09
1095,Назрань,1.64,1.96,2.15
1096,Магас,1.64,1.96,2.15
